Academic Year,Tuition Fee
2000/01,1000
2001/02,1000
2002/03,1000
2003/04,1000
2004/05,1000
2005/06,1000
2006/07,3000
2007/08,3000
2008/09,3000
2009/10,3000
2010/11,3000
2011/12,3000
2012/13,9000
2013/14,9000
2014/15,9000
2015/16,9000
2016/17,9000
2017/18,9250
2018/19,9250
2019/20,9250
2020/21,9250
2021/22,9250
